category,discount_rate,return_rate,gross_revenue,rows,quadrant
Casual,0.04989037505236959,0.053936893001542245,460648383.35,23991,Mixed
GenZ,0.04924890464825443,0.05721359562959175,343599095.36,37159,Mixed
Outdoor,0.06761336980885144,0.05661843330025463,2494882754.2,259986,Double loss
Streetwear,0.04806298582343516,0.05539306741747198,13131346352.62,393533,Healthy
