metric,promo,organic,difference
item_return_rate,0.056157125158364074,0.055816523901630284,0.0003406012567337899
customer_repeat_rate,0.686390750423448,0.7806080395637839,-0.09421728914033589
avg_lifetime_gp_per_customer,2158.9061267263705,14985.089993382282,-12826.183866655912
