period,net_revenue,gp_contribution,discount_amount,rows,gross_margin,discount_rate_on_net_revenue
Pre-COVID,12568239458.83,838866571.649354,594936316.59,602614,0.0667449545656131,0.04733648802116185
COVID,1997322710.1,104998081.01818585,100229268.32,73987,0.05256941228737589,0.050181809786252224
Post-COVID,1115307096.5,60146277.42459623,54441735.19,38068,0.053927996704534756,0.048813224053577964
