order_status,rows,orders,net_revenue,gp_after_refund_shipping,gross_revenue,net_revenue_share,gp_share
delivered,570887,516716,12518175957.2,1211200878.0784154,13117091360.41,0.7983088019742333,1.2063622434541281
cancelled,65673,59462,1447013637.43,139676353.808644,1515891006.19,0.09227891725493063,0.13911835979298168
returned,40034,36142,865938715.59,-427386088.414697,907543031.93,0.055222621968990325,-0.4256787208237629
shipped,15094,13773,337278840.2,31994251.703162037,353376001.25,0.021508937705613292,0.03186643764946462
paid,14987,13577,330627096.24,31961065.29203096,345922854.99,0.021084742857266178,0.03183338381495304
created,7994,7275,181835018.77,16564469.624580737,190652330.76,0.011595978238966187,0.0164982961122352
