period,promotions,negative_gp_promotions,gp_contribution,net_revenue,rows,negative_gp_rate,gross_margin,gp_gap_vs_matched_organic_margin
Pre-COVID,36,36,-674703853.37973,3724855078.45,232156,1.0,-0.1811355983440006,-1313365985.6948032
COVID,10,10,-119265654.17115323,645023175.44,30210,1.0,-0.18490134728848562,-222320584.7603374
Post-COVID,4,4,-52909954.54494811,315951958.64,13950,1.0,-0.1674620242036051,-97784296.61549866
