scope,scenario,recapture_rate,revenue,gp_contribution,gross_margin,revenue_impact_pct,gp_impact_pct,assumption,cut_promo_count,organic_margin
Full history 2012-2022,Current mix,,15680869265.429995,1004010930.0921354,0.06402775975599614,0.0,0.0,All promotions continue,50,0.16833868286259385
Full history 2012-2022,Cut negative promos,0.0,10995039052.899996,1850890392.1879668,0.16833868286259387,-29.882464633898632,84.34962575737252,0% of removed promo revenue returns at organic margin,50,0.16833868286259385
Full history 2012-2022,Cut + 30% organic recapture,0.3,12400788116.658995,2087532338.0164814,0.16833868286259387,-20.917725243729045,107.91928408836289,30% of removed promo revenue returns at organic margin,50,0.16833868286259385
Full history 2012-2022,Cut + 50% organic recapture,0.5,13337954159.164995,2245293635.235491,0.16833868286259385,-14.941232316949316,123.63238964235639,50% of removed promo revenue returns at organic margin,50,0.16833868286259385
Post-COVID normalized 2022,Current mix,,1115307096.5,60146277.424596235,0.05392799670453476,0.0,0.0,All promotions continue,5,0.1436648593405908
Post-COVID normalized 2022,Cut negative promos,0.0,795626576.3299999,114303580.1760853,0.14366485934059084,-28.66300422307051,90.04265113395356,0% of removed promo revenue returns at organic margin,5,0.1436648593405908
Post-COVID normalized 2022,Cut + 30% organic recapture,0.3,891530732.3809999,128081637.26533028,0.14366485934059084,-20.064102956149355,112.95023191734978,30% of removed promo revenue returns at organic margin,5,0.1436648593405908
Post-COVID normalized 2022,Cut + 50% organic recapture,0.5,955466836.415,137267008.65816027,0.1436648593405908,-14.331502111535254,128.22195243961394,50% of removed promo revenue returns at organic margin,5,0.1436648593405908
