period,stockout_product_share,avg_stockout_days,avg_fill_rate,rows
Pre-COVID,0.6747026532479414,1.1876715462031107,0.9604109149130833,43720
COVID,0.6713590084108012,1.0868525896414343,0.9637717751217353,11295
Post-COVID,0.6670489296636085,1.0940366972477065,0.9635326643730887,5232
