split,target,model,MAE,RMSE,R2
test,Revenue,seasonal_growth_baseline,633027.5838642907,874016.6203334763,0.7220755338759116
test,COGS,seasonal_growth_baseline,542903.4768860064,745903.5388904945,0.7271647087572461
test,COGS,ver2_best,454452.5454105839,626159.5727789254,0.8077327744845945
test,Revenue,ver2_best,523688.6260127737,715713.6093096329,0.8136343156764205
