split,target,MAE,RMSE,R2
test_2020_2022,Revenue,517365.9699703468,710824.7964478183,0.8161716300470543
test_2020_2022,COGS,452545.9448152373,626572.6941544659,0.8074789864509941
