split,target,MAE,RMSE,R2
valid,Revenue,751342.9566536598,1016887.6780482433,0.8584789011825557
valid,COGS,738616.8464658122,1015540.4366452824,0.790952883897856
test,Revenue,592084.5739282777,788837.6120164789,0.7736071967881812
test,COGS,560273.4230193555,729451.5267275595,0.7390675539270319
